id,message
30001.opus,А
30002.opus,А
30003.opus,А
30004.opus,А
30005.opus,А
30006.opus,А
30007.opus,А
30008.opus,А
30009.opus,А
30010.opus,А
30011.opus,А
30012.opus,А
30013.opus,А
30014.opus,А
30015.opus,А
30016.opus,А
30017.opus,А
30018.opus,А
30019.opus,А
30020.opus,А
30021.opus,А
30022.opus,А
30023.opus,А
30024.opus,А
30025.opus,А
30026.opus,А
30027.opus,А
30028.opus,А
30029.opus,А
30030.opus,А
30031.opus,А
30032.opus,А
30033.opus,А
30034.opus,А
30035.opus,А
30036.opus,А
30037.opus,А
30038.opus,А
30039.opus,А
30040.opus,А
30041.opus,А
30042.opus,А
30043.opus,А
30044.opus,А
30045.opus,А
30046.opus,А
30047.opus,А
30048.opus,А
30049.opus,А
30050.opus,А
30051.opus,А
30052.opus,А
30053.opus,А
30054.opus,А
30055.opus,А
30056.opus,А
30057.opus,А
30058.opus,А
30059.opus,А
30060.opus,А
30061.opus,А
30062.opus,А
30063.opus,А
30064.opus,А
30065.opus,А
30066.opus,А
30067.opus,А
30068.opus,А
30069.opus,А
30070.opus,А
30071.opus,А
30072.opus,А
30073.opus,А
30074.opus,А
30075.opus,А
30076.opus,А
30077.opus,А
30078.opus,А
30079.opus,А
30080.opus,А
30081.opus,А
30082.opus,А
30083.opus,А
30084.opus,А
30085.opus,А
30086.opus,А
30087.opus,А
30088.opus,А
30089.opus,А
30090.opus,А
30091.opus,А
30092.opus,А
30093.opus,А
30094.opus,А
30095.opus,А
30096.opus,А
30097.opus,А
30098.opus,А
30099.opus,А
30100.opus,А
30101.opus,А
30102.opus,А
30103.opus,А
30104.opus,А
30105.opus,А
30106.opus,А
30107.opus,А
30108.opus,А
30109.opus,А
30110.opus,А
30111.opus,А
30112.opus,А
30113.opus,А
30114.opus,А
30115.opus,А
30116.opus,А
30117.opus,А
30118.opus,А
30119.opus,А
30120.opus,А
30121.opus,А
30122.opus,А
30123.opus,А
30124.opus,А
30125.opus,А
30126.opus,А
30127.opus,А
30128.opus,А
30129.opus,А
30130.opus,А
30131.opus,А
30132.opus,А
30133.opus,А
30134.opus,А
30135.opus,А
30136.opus,А
30137.opus,А
30138.opus,А
30139.opus,А
30140.opus,А
30141.opus,А
30142.opus,А
30143.opus,А
30144.opus,А
30145.opus,А
30146.opus,А
30147.opus,А
30148.opus,А
30149.opus,А
30150.opus,А
30151.opus,А
30152.opus,А
30153.opus,А
30154.opus,А
30155.opus,А
30156.opus,А
30157.opus,А
30158.opus,А
30159.opus,А
30160.opus,А
30161.opus,А
30162.opus,А
30163.opus,А
30164.opus,А
30165.opus,А
30166.opus,А
30167.opus,А
30168.opus,А
30169.opus,А
30170.opus,А
30171.opus,А
30172.opus,А
30173.opus,А
30174.opus,А
30175.opus,А
30176.opus,А
30177.opus,А
30178.opus,А
30179.opus,А
30180.opus,А
30181.opus,А
30182.opus,А
30183.opus,А
30184.opus,А
30185.opus,А
30186.opus,А
30187.opus,А
30188.opus,А
30189.opus,А
30190.opus,А
30191.opus,А
30192.opus,А
30193.opus,А
30194.opus,А
30195.opus,А
30196.opus,А
30197.opus,А
30198.opus,А
30199.opus,А
30200.opus,А
30201.opus,А
30202.opus,А
30203.opus,А
30204.opus,А
30205.opus,А
30206.opus,А
30207.opus,А
30208.opus,А
30209.opus,А
30210.opus,А
30211.opus,А
30212.opus,А
30213.opus,А
30214.opus,А
30215.opus,А
30216.opus,А
30217.opus,А
30218.opus,А
30219.opus,А
30220.opus,А
30221.opus,А
30222.opus,А
30223.opus,А
30224.opus,А
30225.opus,А
30226.opus,А
30227.opus,А
30228.opus,А
30229.opus,А
30230.opus,А
30231.opus,А
30232.opus,А
30233.opus,А
30234.opus,А
30235.opus,А
30236.opus,А
30237.opus,А
30238.opus,А
30239.opus,А
30240.opus,А
30241.opus,А
30242.opus,А
30243.opus,А
30244.opus,А
30245.opus,А
30246.opus,А
30247.opus,А
30248.opus,А
30249.opus,А
30250.opus,А
30251.opus,А
30252.opus,А
30253.opus,А
30254.opus,А
30255.opus,А
30256.opus,А
30257.opus,А
30258.opus,А
30259.opus,А
30260.opus,А
30261.opus,А
30262.opus,А
30263.opus,А
30264.opus,А
30265.opus,А
30266.opus,А
30267.opus,А
30268.opus,А
30269.opus,А
30270.opus,А
30271.opus,А
30272.opus,А
30273.opus,А
30274.opus,А
30275.opus,А
30276.opus,А
30277.opus,А
30278.opus,А
30279.opus,А
30280.opus,А
30281.opus,А
30282.opus,А
30283.opus,А
30284.opus,А
30285.opus,А
30286.opus,А
30287.opus,А
30288.opus,А
30289.opus,А
30290.opus,А
30291.opus,А
30292.opus,А
30293.opus,А
30294.opus,А
30295.opus,А
30296.opus,А
30297.opus,А
30298.opus,А
30299.opus,А
30300.opus,А
30301.opus,А
30302.opus,А
30303.opus,А
30304.opus,А
30305.opus,А
30306.opus,А
30307.opus,А
30308.opus,А
30309.opus,А
30310.opus,А
30311.opus,А
30312.opus,А
30313.opus,А
30314.opus,А
30315.opus,А
30316.opus,А
30317.opus,А
30318.opus,А
30319.opus,А
30320.opus,А
30321.opus,А
30322.opus,А
30323.opus,А
30324.opus,А
30325.opus,А
30326.opus,А
30327.opus,А
30328.opus,А
30329.opus,А
30330.opus,А
30331.opus,А
30332.opus,А
30333.opus,А
30334.opus,А
30335.opus,А
30336.opus,А
30337.opus,А
30338.opus,А
30339.opus,А
30340.opus,А
30341.opus,А
30342.opus,А
30343.opus,А
30344.opus,А
30345.opus,А
30346.opus,А
30347.opus,А
30348.opus,А
30349.opus,А
30350.opus,А
30351.opus,А
30352.opus,А
30353.opus,А
30354.opus,А
30355.opus,А
30356.opus,А
30357.opus,А
30358.opus,А
30359.opus,А
30360.opus,А
30361.opus,А
30362.opus,А
30363.opus,А
30364.opus,А
30365.opus,А
30366.opus,А
30367.opus,А
30368.opus,А
30369.opus,А
30370.opus,А
30371.opus,А
30372.opus,А
30373.opus,А
30374.opus,А
30375.opus,А
30376.opus,А
30377.opus,А
30378.opus,А
30379.opus,А
30380.opus,А
30381.opus,А
30382.opus,А
30383.opus,А
30384.opus,А
30385.opus,А
30386.opus,А
30387.opus,А
30388.opus,А
30389.opus,А
30390.opus,А
30391.opus,А
30392.opus,А
30393.opus,А
30394.opus,А
30395.opus,А
30396.opus,А
30397.opus,А
30398.opus,А
30399.opus,А
30400.opus,А
30401.opus,А
30402.opus,А
30403.opus,А
30404.opus,А
30405.opus,А
30406.opus,А
30407.opus,А
30408.opus,А
30409.opus,А
30410.opus,А
30411.opus,А
30412.opus,А
30413.opus,А
30414.opus,А
30415.opus,А
30416.opus,А
30417.opus,А
30418.opus,А
30419.opus,А
30420.opus,А
30421.opus,А
30422.opus,А
30423.opus,А
30424.opus,А
30425.opus,А
30426.opus,А
30427.opus,А
30428.opus,А
30429.opus,А
30430.opus,А
30431.opus,А
30432.opus,А
30433.opus,А
30434.opus,А
30435.opus,А
30436.opus,А
30437.opus,А
30438.opus,А
30439.opus,А
30440.opus,А
30441.opus,А
30442.opus,А
30443.opus,А
30444.opus,А
30445.opus,А
30446.opus,А
30447.opus,А
30448.opus,А
30449.opus,А
30450.opus,А
30451.opus,А
30452.opus,А
30453.opus,А
30454.opus,А
30455.opus,А
30456.opus,А
30457.opus,А
30458.opus,А
30459.opus,А
30460.opus,А
30461.opus,А
30462.opus,А
30463.opus,А
30464.opus,А
30465.opus,А
30466.opus,А
30467.opus,А
30468.opus,А
30469.opus,А
30470.opus,А
30471.opus,А
30472.opus,А
30473.opus,А
30474.opus,А
30475.opus,А
30476.opus,А
30477.opus,А
30478.opus,А
30479.opus,А
30480.opus,А
30481.opus,А
30482.opus,А
30483.opus,А
30484.opus,А
30485.opus,А
30486.opus,А
30487.opus,А
30488.opus,А
30489.opus,А
30490.opus,А
30491.opus,А
30492.opus,А
30493.opus,А
30494.opus,А
30495.opus,А
30496.opus,А
30497.opus,А
30498.opus,А
30499.opus,А
30500.opus,А
30501.opus,А
30502.opus,А
30503.opus,А
30504.opus,А
30505.opus,А
30506.opus,А
30507.opus,А
30508.opus,А
30509.opus,А
30510.opus,А
30511.opus,А
30512.opus,А
30513.opus,А
30514.opus,А
30515.opus,А
30516.opus,А
30517.opus,А
30518.opus,А
30519.opus,А
30520.opus,А
30521.opus,А
30522.opus,А
30523.opus,А
30524.opus,А
30525.opus,А
30526.opus,А
30527.opus,А
30528.opus,А
30529.opus,А
30530.opus,А
30531.opus,А
30532.opus,А
30533.opus,А
30534.opus,А
30535.opus,А
30536.opus,А
30537.opus,А
30538.opus,А
30539.opus,А
30540.opus,А
30541.opus,А
30542.opus,А
30543.opus,А
30544.opus,А
30545.opus,А
30546.opus,А
30547.opus,А
30548.opus,А
30549.opus,А
30550.opus,А
30551.opus,А
30552.opus,А
30553.opus,А
30554.opus,А
30555.opus,А
30556.opus,А
30557.opus,А
30558.opus,А
30559.opus,А
30560.opus,А
30561.opus,А
30562.opus,А
30563.opus,А
30564.opus,А
30565.opus,А
30566.opus,А
30567.opus,А
30568.opus,А
30569.opus,А
30570.opus,А
30571.opus,А
30572.opus,А
30573.opus,А
30574.opus,А
30575.opus,А
30576.opus,А
30577.opus,А
30578.opus,А
30579.opus,А
30580.opus,А
30581.opus,А
30582.opus,А
30583.opus,А
30584.opus,А
30585.opus,А
30586.opus,А
30587.opus,А
30588.opus,А
30589.opus,А
30590.opus,А
30591.opus,А
30592.opus,А
30593.opus,А
30594.opus,А
30595.opus,А
30596.opus,А
30597.opus,А
30598.opus,А
30599.opus,А
30600.opus,А
30601.opus,А
30602.opus,А
30603.opus,А
30604.opus,А
30605.opus,А
30606.opus,А
30607.opus,А
30608.opus,А
30609.opus,А
30610.opus,А
30611.opus,А
30612.opus,А
30613.opus,А
30614.opus,А
30615.opus,А
30616.opus,А
30617.opus,А
30618.opus,А
30619.opus,А
30620.opus,А
30621.opus,А
30622.opus,А
30623.opus,А
30624.opus,А
30625.opus,А
30626.opus,А
30627.opus,А
30628.opus,А
30629.opus,А
30630.opus,А
30631.opus,А
30632.opus,А
30633.opus,А
30634.opus,А
30635.opus,А
30636.opus,А
30637.opus,А
30638.opus,А
30639.opus,А
30640.opus,А
30641.opus,А
30642.opus,А
30643.opus,А
30644.opus,А
30645.opus,А
30646.opus,А
30647.opus,А
30648.opus,А
30649.opus,А
30650.opus,А
30651.opus,А
30652.opus,А
30653.opus,А
30654.opus,А
30655.opus,А
30656.opus,А
30657.opus,А
30658.opus,А
30659.opus,А
30660.opus,А
30661.opus,А
30662.opus,А
30663.opus,А
30664.opus,А
30665.opus,А
30666.opus,А
30667.opus,А
30668.opus,А
30669.opus,А
30670.opus,А
30671.opus,А
30672.opus,А
30673.opus,А
30674.opus,А
30675.opus,А
30676.opus,А
30677.opus,А
30678.opus,А
30679.opus,А
30680.opus,А
30681.opus,А
30682.opus,А
30683.opus,А
30684.opus,А
30685.opus,А
30686.opus,А
30687.opus,А
30688.opus,А
30689.opus,А
30690.opus,А
30691.opus,А
30692.opus,А
30693.opus,А
30694.opus,А
30695.opus,А
30696.opus,А
30697.opus,А
30698.opus,А
30699.opus,А
30700.opus,А
30701.opus,А
30702.opus,А
30703.opus,А
30704.opus,А
30705.opus,А
30706.opus,А
30707.opus,А
30708.opus,А
30709.opus,А
30710.opus,А
30711.opus,А
30712.opus,А
30713.opus,А
30714.opus,А
30715.opus,А
30716.opus,А
30717.opus,А
30718.opus,А
30719.opus,А
30720.opus,А
30721.opus,А
30722.opus,А
30723.opus,А
30724.opus,А
30725.opus,А
30726.opus,А
30727.opus,А
30728.opus,А
30729.opus,А
30730.opus,А
30731.opus,А
30732.opus,А
30733.opus,А
30734.opus,А
30735.opus,А
30736.opus,А
30737.opus,А
30738.opus,А
30739.opus,А
30740.opus,А
30741.opus,А
30742.opus,А
30743.opus,А
30744.opus,А
30745.opus,А
30746.opus,А
30747.opus,А
30748.opus,А
30749.opus,А
30750.opus,А
30751.opus,А
30752.opus,А
30753.opus,А
30754.opus,А
30755.opus,А
30756.opus,А
30757.opus,А
30758.opus,А
30759.opus,А
30760.opus,А
30761.opus,А
30762.opus,А
30763.opus,А
30764.opus,А
30765.opus,А
30766.opus,А
30767.opus,А
30768.opus,А
30769.opus,А
30770.opus,А
30771.opus,А
30772.opus,А
30773.opus,А
30774.opus,А
30775.opus,А
30776.opus,А
30777.opus,А
30778.opus,А
30779.opus,А
30780.opus,А
30781.opus,А
30782.opus,А
30783.opus,А
30784.opus,А
30785.opus,А
30786.opus,А
30787.opus,А
30788.opus,А
30789.opus,А
30790.opus,А
30791.opus,А
30792.opus,А
30793.opus,А
30794.opus,А
30795.opus,А
30796.opus,А
30797.opus,А
30798.opus,А
30799.opus,А
30800.opus,А
30801.opus,А
30802.opus,А
30803.opus,А
30804.opus,А
30805.opus,А
30806.opus,А
30807.opus,А
30808.opus,А
30809.opus,А
30810.opus,А
30811.opus,А
30812.opus,А
30813.opus,А
30814.opus,А
30815.opus,А
30816.opus,А
30817.opus,А
30818.opus,А
30819.opus,А
30820.opus,А
30821.opus,А
30822.opus,А
30823.opus,А
30824.opus,А
30825.opus,А
30826.opus,А
30827.opus,А
30828.opus,А
30829.opus,А
30830.opus,А
30831.opus,А
30832.opus,А
30833.opus,А
30834.opus,А
30835.opus,А
30836.opus,А
30837.opus,А
30838.opus,А
30839.opus,А
30840.opus,А
30841.opus,А
30842.opus,А
30843.opus,А
30844.opus,А
30845.opus,А
30846.opus,А
30847.opus,А
30848.opus,А
30849.opus,А
30850.opus,А
30851.opus,А
30852.opus,А
30853.opus,А
30854.opus,А
30855.opus,А
30856.opus,А
30857.opus,А
30858.opus,А
30859.opus,А
30860.opus,А
30861.opus,А
30862.opus,А
30863.opus,А
30864.opus,А
30865.opus,А
30866.opus,А
30867.opus,А
30868.opus,А
30869.opus,А
30870.opus,А
30871.opus,А
30872.opus,А
30873.opus,А
30874.opus,А
30875.opus,А
30876.opus,А
30877.opus,А
30878.opus,А
30879.opus,А
30880.opus,А
30881.opus,А
30882.opus,А
30883.opus,А
30884.opus,А
30885.opus,А
30886.opus,А
30887.opus,А
30888.opus,А
30889.opus,А
30890.opus,А
30891.opus,А
30892.opus,А
30893.opus,А
30894.opus,А
30895.opus,А
30896.opus,А
30897.opus,А
30898.opus,А
30899.opus,А
30900.opus,А
30901.opus,А
30902.opus,А
30903.opus,А
30904.opus,А
30905.opus,А
30906.opus,А
30907.opus,А
30908.opus,А
30909.opus,А
30910.opus,А
30911.opus,А
30912.opus,А
30913.opus,А
30914.opus,А
30915.opus,А
30916.opus,А
30917.opus,А
30918.opus,А
30919.opus,А
30920.opus,А
30921.opus,А
30922.opus,А
30923.opus,А
30924.opus,А
30925.opus,А
30926.opus,А
30927.opus,А
30928.opus,А
30929.opus,А
30930.opus,А
30931.opus,А
30932.opus,А
30933.opus,А
30934.opus,А
30935.opus,А
30936.opus,А
30937.opus,А
30938.opus,А
30939.opus,А
30940.opus,А
30941.opus,А
30942.opus,А
30943.opus,А
30944.opus,А
30945.opus,А
30946.opus,А
30947.opus,А
30948.opus,А
30949.opus,А
30950.opus,А
30951.opus,А
30952.opus,А
30953.opus,А
30954.opus,А
30955.opus,А
30956.opus,А
30957.opus,А
30958.opus,А
30959.opus,А
30960.opus,А
30961.opus,А
30962.opus,А
30963.opus,А
30964.opus,А
30965.opus,А
30966.opus,А
30967.opus,А
30968.opus,А
30969.opus,А
30970.opus,А
30971.opus,А
30972.opus,А
30973.opus,А
30974.opus,А
30975.opus,А
30976.opus,А
30977.opus,А
30978.opus,А
30979.opus,А
30980.opus,А
30981.opus,А
30982.opus,А
30983.opus,А
30984.opus,А
30985.opus,А
30986.opus,А
30987.opus,А
30988.opus,А
30989.opus,А
30990.opus,А
30991.opus,А
30992.opus,А
30993.opus,А
30994.opus,А
30995.opus,А
30996.opus,А
30997.opus,А
30998.opus,А
30999.opus,А
31000.opus,А
31001.opus,А
31002.opus,А
31003.opus,А
31004.opus,А
31005.opus,А
31006.opus,А
31007.opus,А
31008.opus,А
31009.opus,А
31010.opus,А
31011.opus,А
31012.opus,А
31013.opus,А
31014.opus,А
31015.opus,А
31016.opus,А
31017.opus,А
31018.opus,А
31019.opus,А
31020.opus,А
31021.opus,А
31022.opus,А
31023.opus,А
31024.opus,А
31025.opus,А
31026.opus,А
31027.opus,А
31028.opus,А
31029.opus,А
31030.opus,А
31031.opus,А
31032.opus,А
31033.opus,А
31034.opus,А
31035.opus,А
31036.opus,А
31037.opus,А
31038.opus,А
31039.opus,А
31040.opus,А
31041.opus,А
31042.opus,А
31043.opus,А
31044.opus,А
31045.opus,А
31046.opus,А
31047.opus,А
31048.opus,А
31049.opus,А
31050.opus,А
31051.opus,А
31052.opus,А
31053.opus,А
31054.opus,А
31055.opus,А
31056.opus,А
31057.opus,А
31058.opus,А
31059.opus,А
31060.opus,А
31061.opus,А
31062.opus,А
31063.opus,А
31064.opus,А
31065.opus,А
31066.opus,А
31067.opus,А
31068.opus,А
31069.opus,А
31070.opus,А
31071.opus,А
31072.opus,А
31073.opus,А
31074.opus,А
31075.opus,А
31076.opus,А
31077.opus,А
31078.opus,А
31079.opus,А
31080.opus,А
31081.opus,А
31082.opus,А
31083.opus,А
31084.opus,А
31085.opus,А
31086.opus,А
31087.opus,А
31088.opus,А
31089.opus,А
31090.opus,А
31091.opus,А
31092.opus,А
31093.opus,А
31094.opus,А
31095.opus,А
31096.opus,А
31097.opus,А
31098.opus,А
31099.opus,А
31100.opus,А
31101.opus,А
31102.opus,А
31103.opus,А
31104.opus,А
31105.opus,А
31106.opus,А
31107.opus,А
31108.opus,А
31109.opus,А
31110.opus,А
31111.opus,А
31112.opus,А
31113.opus,А
31114.opus,А
31115.opus,А
31116.opus,А
31117.opus,А
31118.opus,А
31119.opus,А
31120.opus,А
31121.opus,А
31122.opus,А
31123.opus,А
31124.opus,А
31125.opus,А
31126.opus,А
31127.opus,А
31128.opus,А
31129.opus,А
31130.opus,А
31131.opus,А
31132.opus,А
31133.opus,А
31134.opus,А
31135.opus,А
31136.opus,А
31137.opus,А
31138.opus,А
31139.opus,А
31140.opus,А
31141.opus,А
31142.opus,А
31143.opus,А
31144.opus,А
31145.opus,А
31146.opus,А
31147.opus,А
31148.opus,А
31149.opus,А
31150.opus,А
31151.opus,А
31152.opus,А
31153.opus,А
31154.opus,А
31155.opus,А
31156.opus,А
31157.opus,А
31158.opus,А
31159.opus,А
31160.opus,А
31161.opus,А
31162.opus,А
31163.opus,А
31164.opus,А
31165.opus,А
31166.opus,А
31167.opus,А
31168.opus,А
31169.opus,А
31170.opus,А
31171.opus,А
31172.opus,А
31173.opus,А
31174.opus,А
31175.opus,А
31176.opus,А
31177.opus,А
31178.opus,А
31179.opus,А
31180.opus,А
31181.opus,А
31182.opus,А
31183.opus,А
31184.opus,А
31185.opus,А
31186.opus,А
31187.opus,А
31188.opus,А
31189.opus,А
31190.opus,А
31191.opus,А
31192.opus,А
31193.opus,А
31194.opus,А
31195.opus,А
31196.opus,А
31197.opus,А
31198.opus,А
31199.opus,А
31200.opus,А
31201.opus,А
31202.opus,А
31203.opus,А
31204.opus,А
31205.opus,А
31206.opus,А
31207.opus,А
31208.opus,А
31209.opus,А
31210.opus,А
31211.opus,А
31212.opus,А
31213.opus,А
31214.opus,А
31215.opus,А
31216.opus,А
31217.opus,А
31218.opus,А
31219.opus,А
31220.opus,А
31221.opus,А
31222.opus,А
31223.opus,А
31224.opus,А
31225.opus,А
31226.opus,А
31227.opus,А
31228.opus,А
31229.opus,А
31230.opus,А
31231.opus,А
31232.opus,А
31233.opus,А
31234.opus,А
31235.opus,А
31236.opus,А
31237.opus,А
31238.opus,А
31239.opus,А
31240.opus,А
31241.opus,А
31242.opus,А
31243.opus,А
31244.opus,А
31245.opus,А
31246.opus,А
31247.opus,А
31248.opus,А
31249.opus,А
31250.opus,А
31251.opus,А
31252.opus,А
31253.opus,А
31254.opus,А
31255.opus,А
31256.opus,А
31257.opus,А
31258.opus,А
31259.opus,А
31260.opus,А
31261.opus,А
31262.opus,А
31263.opus,А
31264.opus,А
31265.opus,А
31266.opus,А
31267.opus,А
31268.opus,А
31269.opus,А
31270.opus,А
31271.opus,А
31272.opus,А
31273.opus,А
31274.opus,А
31275.opus,А
31276.opus,А
31277.opus,А
31278.opus,А
31279.opus,А
31280.opus,А
31281.opus,А
31282.opus,А
31283.opus,А
31284.opus,А
31285.opus,А
31286.opus,А
31287.opus,А
31288.opus,А
31289.opus,А
31290.opus,А
31291.opus,А
31292.opus,А
31293.opus,А
31294.opus,А
31295.opus,А
31296.opus,А
31297.opus,А
31298.opus,А
31299.opus,А
31300.opus,А
31301.opus,А
31302.opus,А
31303.opus,А
31304.opus,А
31305.opus,А
31306.opus,А
31307.opus,А
31308.opus,А
31309.opus,А
31310.opus,А
31311.opus,А
31312.opus,А
31313.opus,А
31314.opus,А
31315.opus,А
31316.opus,А
31317.opus,А
31318.opus,А
31319.opus,А
31320.opus,А
31321.opus,А
31322.opus,А
31323.opus,А
31324.opus,А
31325.opus,А
31326.opus,А
31327.opus,А
31328.opus,А
31329.opus,А
31330.opus,А
31331.opus,А
31332.opus,А
31333.opus,А
31334.opus,А
31335.opus,А
31336.opus,А
31337.opus,А
31338.opus,А
31339.opus,А
31340.opus,А
31341.opus,А
31342.opus,А
31343.opus,А
31344.opus,А
31345.opus,А
31346.opus,А
31347.opus,А
31348.opus,А
31349.opus,А
31350.opus,А
31351.opus,А
31352.opus,А
31353.opus,А
31354.opus,А
31355.opus,А
31356.opus,А
31357.opus,А
31358.opus,А
31359.opus,А
31360.opus,А
31361.opus,А
31362.opus,А
31363.opus,А
31364.opus,А
31365.opus,А
31366.opus,А
31367.opus,А
31368.opus,А
31369.opus,А
31370.opus,А
31371.opus,А
31372.opus,А
31373.opus,А
31374.opus,А
31375.opus,А
31376.opus,А
31377.opus,А
31378.opus,А
31379.opus,А
31380.opus,А
31381.opus,А
31382.opus,А
31383.opus,А
31384.opus,А
31385.opus,А
31386.opus,А
31387.opus,А
31388.opus,А
31389.opus,А
31390.opus,А
31391.opus,А
31392.opus,А
31393.opus,А
31394.opus,А
31395.opus,А
31396.opus,А
31397.opus,А
31398.opus,А
31399.opus,А
31400.opus,А
31401.opus,А
31402.opus,А
31403.opus,А
31404.opus,А
31405.opus,А
31406.opus,А
31407.opus,А
31408.opus,А
31409.opus,А
31410.opus,А
31411.opus,А
31412.opus,А
31413.opus,А
31414.opus,А
31415.opus,А
31416.opus,А
31417.opus,А
31418.opus,А
31419.opus,А
31420.opus,А
31421.opus,А
31422.opus,А
31423.opus,А
31424.opus,А
31425.opus,А
31426.opus,А
31427.opus,А
31428.opus,А
31429.opus,А
31430.opus,А
31431.opus,А
31432.opus,А
31433.opus,А
31434.opus,А
31435.opus,А
31436.opus,А
31437.opus,А
31438.opus,А
31439.opus,А
31440.opus,А
31441.opus,А
31442.opus,А
31443.opus,А
31444.opus,А
31445.opus,А
31446.opus,А
31447.opus,А
31448.opus,А
31449.opus,А
31450.opus,А
31451.opus,А
31452.opus,А
31453.opus,А
31454.opus,А
31455.opus,А
31456.opus,А
31457.opus,А
31458.opus,А
31459.opus,А
31460.opus,А
31461.opus,А
31462.opus,А
31463.opus,А
31464.opus,А
31465.opus,А
31466.opus,А
31467.opus,А
31468.opus,А
31469.opus,А
31470.opus,А
31471.opus,А
31472.opus,А
31473.opus,А
31474.opus,А
31475.opus,А
31476.opus,А
31477.opus,А
31478.opus,А
31479.opus,А
31480.opus,А
31481.opus,А
31482.opus,А
31483.opus,А
31484.opus,А
31485.opus,А
31486.opus,А
31487.opus,А
31488.opus,А
31489.opus,А
31490.opus,А
31491.opus,А
31492.opus,А
31493.opus,А
31494.opus,А
31495.opus,А
31496.opus,А
31497.opus,А
31498.opus,А
31499.opus,А
31500.opus,А
31501.opus,А
31502.opus,А
31503.opus,А
31504.opus,А
31505.opus,А
31506.opus,А
31507.opus,А
31508.opus,А
31509.opus,А
31510.opus,А
31511.opus,А
31512.opus,А
31513.opus,А
31514.opus,А
31515.opus,А
31516.opus,А
31517.opus,А
31518.opus,А
31519.opus,А
31520.opus,А
31521.opus,А
31522.opus,А
31523.opus,А
31524.opus,А
31525.opus,А
31526.opus,А
31527.opus,А
31528.opus,А
31529.opus,А
31530.opus,А
31531.opus,А
31532.opus,А
31533.opus,А
31534.opus,А
31535.opus,А
31536.opus,А
31537.opus,А
31538.opus,А
31539.opus,А
31540.opus,А
31541.opus,А
31542.opus,А
31543.opus,А
31544.opus,А
31545.opus,А
31546.opus,А
31547.opus,А
31548.opus,А
31549.opus,А
31550.opus,А
31551.opus,А
31552.opus,А
31553.opus,А
31554.opus,А
31555.opus,А
31556.opus,А
31557.opus,А
31558.opus,А
31559.opus,А
31560.opus,А
31561.opus,А
31562.opus,А
31563.opus,А
31564.opus,А
31565.opus,А
31566.opus,А
31567.opus,А
31568.opus,А
31569.opus,А
31570.opus,А
31571.opus,А
31572.opus,А
31573.opus,А
31574.opus,А
31575.opus,А
31576.opus,А
31577.opus,А
31578.opus,А
31579.opus,А
31580.opus,А
31581.opus,А
31582.opus,А
31583.opus,А
31584.opus,А
31585.opus,А
31586.opus,А
31587.opus,А
31588.opus,А
31589.opus,А
31590.opus,А
31591.opus,А
31592.opus,А
31593.opus,А
31594.opus,А
31595.opus,А
31596.opus,А
31597.opus,А
31598.opus,А
31599.opus,А
31600.opus,А
31601.opus,А
31602.opus,А
31603.opus,А
31604.opus,А
31605.opus,А
31606.opus,А
31607.opus,А
31608.opus,А
31609.opus,А
31610.opus,А
31611.opus,А
31612.opus,А
31613.opus,А
31614.opus,А
31615.opus,А
31616.opus,А
31617.opus,А
31618.opus,А
31619.opus,А
31620.opus,А
31621.opus,А
31622.opus,А
31623.opus,А
31624.opus,А
31625.opus,А
31626.opus,А
31627.opus,А
31628.opus,А
31629.opus,А
31630.opus,А
31631.opus,А
31632.opus,А
31633.opus,А
31634.opus,А
31635.opus,А
31636.opus,А
31637.opus,А
31638.opus,А
31639.opus,А
31640.opus,А
31641.opus,А
31642.opus,А
31643.opus,А
31644.opus,А
31645.opus,А
31646.opus,А
31647.opus,А
31648.opus,А
31649.opus,А
31650.opus,А
31651.opus,А
31652.opus,А
31653.opus,А
31654.opus,А
31655.opus,А
31656.opus,А
31657.opus,А
31658.opus,А
31659.opus,А
31660.opus,А
31661.opus,А
31662.opus,А
31663.opus,А
31664.opus,А
31665.opus,А
31666.opus,А
31667.opus,А
31668.opus,А
31669.opus,А
31670.opus,А
31671.opus,А
31672.opus,А
31673.opus,А
31674.opus,А
31675.opus,А
31676.opus,А
31677.opus,А
31678.opus,А
31679.opus,А
31680.opus,А
31681.opus,А
31682.opus,А
31683.opus,А
31684.opus,А
31685.opus,А
31686.opus,А
31687.opus,А
31688.opus,А
31689.opus,А
31690.opus,А
31691.opus,А
31692.opus,А
31693.opus,А
31694.opus,А
31695.opus,А
31696.opus,А
31697.opus,А
31698.opus,А
31699.opus,А
31700.opus,А
31701.opus,А
31702.opus,А
31703.opus,А
31704.opus,А
31705.opus,А
31706.opus,А
31707.opus,А
31708.opus,А
31709.opus,А
31710.opus,А
31711.opus,А
31712.opus,А
31713.opus,А
31714.opus,А
31715.opus,А
31716.opus,А
31717.opus,А
31718.opus,А
31719.opus,А
31720.opus,А
31721.opus,А
31722.opus,А
31723.opus,А
31724.opus,А
31725.opus,А
31726.opus,А
31727.opus,А
31728.opus,А
31729.opus,А
31730.opus,А
31731.opus,А
31732.opus,А
31733.opus,А
31734.opus,А
31735.opus,А
31736.opus,А
31737.opus,А
31738.opus,А
31739.opus,А
31740.opus,А
31741.opus,А
31742.opus,А
31743.opus,А
31744.opus,А
31745.opus,А
31746.opus,А
31747.opus,А
31748.opus,А
31749.opus,А
31750.opus,А
31751.opus,А
31752.opus,А
31753.opus,А
31754.opus,А
31755.opus,А
31756.opus,А
31757.opus,А
31758.opus,А
31759.opus,А
31760.opus,А
31761.opus,А
31762.opus,А
31763.opus,А
31764.opus,А
31765.opus,А
31766.opus,А
31767.opus,А
31768.opus,А
31769.opus,А
31770.opus,А
31771.opus,А
31772.opus,А
31773.opus,А
31774.opus,А
31775.opus,А
31776.opus,А
31777.opus,А
31778.opus,А
31779.opus,А
31780.opus,А
31781.opus,А
31782.opus,А
31783.opus,А
31784.opus,А
31785.opus,А
31786.opus,А
31787.opus,А
31788.opus,А
31789.opus,А
31790.opus,А
31791.opus,А
31792.opus,А
31793.opus,А
31794.opus,А
31795.opus,А
31796.opus,А
31797.opus,А
31798.opus,А
31799.opus,А
31800.opus,А
31801.opus,А
31802.opus,А
31803.opus,А
31804.opus,А
31805.opus,А
31806.opus,А
31807.opus,А
31808.opus,А
31809.opus,А
31810.opus,А
31811.opus,А
31812.opus,А
31813.opus,А
31814.opus,А
31815.opus,А
31816.opus,А
31817.opus,А
31818.opus,А
31819.opus,А
31820.opus,А
31821.opus,А
31822.opus,А
31823.opus,А
31824.opus,А
31825.opus,А
31826.opus,А
31827.opus,А
31828.opus,А
31829.opus,А
31830.opus,А
31831.opus,А
31832.opus,А
31833.opus,А
31834.opus,А
31835.opus,А
31836.opus,А
31837.opus,А
31838.opus,А
31839.opus,А
31840.opus,А
31841.opus,А
31842.opus,А
31843.opus,А
31844.opus,А
31845.opus,А
31846.opus,А
31847.opus,А
31848.opus,А
31849.opus,А
31850.opus,А
31851.opus,А
31852.opus,А
31853.opus,А
31854.opus,А
31855.opus,А
31856.opus,А
31857.opus,А
31858.opus,А
31859.opus,А
31860.opus,А
31861.opus,А
31862.opus,А
31863.opus,А
31864.opus,А
31865.opus,А
31866.opus,А
31867.opus,А
31868.opus,А
31869.opus,А
31870.opus,А
31871.opus,А
31872.opus,А
31873.opus,А
31874.opus,А
31875.opus,А
31876.opus,А
31877.opus,А
31878.opus,А
31879.opus,А
31880.opus,А
31881.opus,А
31882.opus,А
31883.opus,А
31884.opus,А
31885.opus,А
31886.opus,А
31887.opus,А
31888.opus,А
31889.opus,А
31890.opus,А
31891.opus,А
31892.opus,А
31893.opus,А
31894.opus,А
31895.opus,А
31896.opus,А
31897.opus,А
31898.opus,А
31899.opus,А
31900.opus,А
31901.opus,А
31902.opus,А
31903.opus,А
31904.opus,А
31905.opus,А
31906.opus,А
31907.opus,А
31908.opus,А
31909.opus,А
31910.opus,А
31911.opus,А
31912.opus,А
31913.opus,А
31914.opus,А
31915.opus,А
31916.opus,А
31917.opus,А
31918.opus,А
31919.opus,А
31920.opus,А
31921.opus,А
31922.opus,А
31923.opus,А
31924.opus,А
31925.opus,А
31926.opus,А
31927.opus,А
31928.opus,А
31929.opus,А
31930.opus,А
31931.opus,А
31932.opus,А
31933.opus,А
31934.opus,А
31935.opus,А
31936.opus,А
31937.opus,А
31938.opus,А
31939.opus,А
31940.opus,А
31941.opus,А
31942.opus,А
31943.opus,А
31944.opus,А
31945.opus,А
31946.opus,А
31947.opus,А
31948.opus,А
31949.opus,А
31950.opus,А
31951.opus,А
31952.opus,А
31953.opus,А
31954.opus,А
31955.opus,А
31956.opus,А
31957.opus,А
31958.opus,А
31959.opus,А
31960.opus,А
31961.opus,А
31962.opus,А
31963.opus,А
31964.opus,А
31965.opus,А
31966.opus,А
31967.opus,А
31968.opus,А
31969.opus,А
31970.opus,А
31971.opus,А
31972.opus,А
31973.opus,А
31974.opus,А
31975.opus,А
31976.opus,А
31977.opus,А
31978.opus,А
31979.opus,А
31980.opus,А
31981.opus,А
31982.opus,А
31983.opus,А
31984.opus,А
31985.opus,А
31986.opus,А
31987.opus,А
31988.opus,А
31989.opus,А
31990.opus,А
31991.opus,А
31992.opus,А
31993.opus,А
31994.opus,А
31995.opus,А
31996.opus,А
31997.opus,А
31998.opus,А
31999.opus,А
32000.opus,А
32001.opus,А
32002.opus,А
32003.opus,А
32004.opus,А
32005.opus,А
32006.opus,А
32007.opus,А
32008.opus,А
32009.opus,А
32010.opus,А
32011.opus,А
32012.opus,А
32013.opus,А
32014.opus,А
32015.opus,А
32016.opus,А
32017.opus,А
32018.opus,А
32019.opus,А
32020.opus,А
32021.opus,А
32022.opus,А
32023.opus,А
32024.opus,А
32025.opus,А
32026.opus,А
32027.opus,А
32028.opus,А
32029.opus,А
32030.opus,А
32031.opus,А
32032.opus,А
32033.opus,А
32034.opus,А
32035.opus,А
32036.opus,А
32037.opus,А
32038.opus,А
32039.opus,А
32040.opus,А
32041.opus,А
32042.opus,А
32043.opus,А
32044.opus,А
32045.opus,А
32046.opus,А
32047.opus,А
32048.opus,А
32049.opus,А
32050.opus,А
32051.opus,А
32052.opus,А
32053.opus,А
32054.opus,А
32055.opus,А
32056.opus,А
32057.opus,А
32058.opus,А
32059.opus,А
32060.opus,А
32061.opus,А
32062.opus,А
32063.opus,А
32064.opus,А
32065.opus,А
32066.opus,А
32067.opus,А
32068.opus,А
32069.opus,А
32070.opus,А
32071.opus,А
32072.opus,А
32073.opus,А
32074.opus,А
32075.opus,А
32076.opus,А
32077.opus,А
32078.opus,А
32079.opus,А
32080.opus,А
32081.opus,А
32082.opus,А
32083.opus,А
32084.opus,А
32085.opus,А
32086.opus,А
32087.opus,А
32088.opus,А
32089.opus,А
32090.opus,А
32091.opus,А
32092.opus,А
32093.opus,А
32094.opus,А
32095.opus,А
32096.opus,А
32097.opus,А
32098.opus,А
32099.opus,А
32100.opus,А
32101.opus,А
32102.opus,А
32103.opus,А
32104.opus,А
32105.opus,А
32106.opus,А
32107.opus,А
32108.opus,А
32109.opus,А
32110.opus,А
32111.opus,А
32112.opus,А
32113.opus,А
32114.opus,А
32115.opus,А
32116.opus,А
32117.opus,А
32118.opus,А
32119.opus,А
32120.opus,А
32121.opus,А
32122.opus,А
32123.opus,А
32124.opus,А
32125.opus,А
32126.opus,А
32127.opus,А
32128.opus,А
32129.opus,А
32130.opus,А
32131.opus,А
32132.opus,А
32133.opus,А
32134.opus,А
32135.opus,А
32136.opus,А
32137.opus,А
32138.opus,А
32139.opus,А
32140.opus,А
32141.opus,А
32142.opus,А
32143.opus,А
32144.opus,А
32145.opus,А
32146.opus,А
32147.opus,А
32148.opus,А
32149.opus,А
32150.opus,А
32151.opus,А
32152.opus,А
32153.opus,А
32154.opus,А
32155.opus,А
32156.opus,А
32157.opus,А
32158.opus,А
32159.opus,А
32160.opus,А
32161.opus,А
32162.opus,А
32163.opus,А
32164.opus,А
32165.opus,А
32166.opus,А
32167.opus,А
32168.opus,А
32169.opus,А
32170.opus,А
32171.opus,А
32172.opus,А
32173.opus,А
32174.opus,А
32175.opus,А
32176.opus,А
32177.opus,А
32178.opus,А
32179.opus,А
32180.opus,А
32181.opus,А
32182.opus,А
32183.opus,А
32184.opus,А
32185.opus,А
32186.opus,А
32187.opus,А
32188.opus,А
32189.opus,А
32190.opus,А
32191.opus,А
32192.opus,А
32193.opus,А
32194.opus,А
32195.opus,А
32196.opus,А
32197.opus,А
32198.opus,А
32199.opus,А
32200.opus,А
32201.opus,А
32202.opus,А
32203.opus,А
32204.opus,А
32205.opus,А
32206.opus,А
32207.opus,А
32208.opus,А
32209.opus,А
32210.opus,А
32211.opus,А
32212.opus,А
32213.opus,А
32214.opus,А
32215.opus,А
32216.opus,А
32217.opus,А
32218.opus,А
32219.opus,А
32220.opus,А
32221.opus,А
32222.opus,А
32223.opus,А
32224.opus,А
32225.opus,А
32226.opus,А
32227.opus,А
32228.opus,А
32229.opus,А
32230.opus,А
32231.opus,А
32232.opus,А
32233.opus,А
32234.opus,А
32235.opus,А
32236.opus,А
32237.opus,А
32238.opus,А
32239.opus,А
32240.opus,А
32241.opus,А
32242.opus,А
32243.opus,А
32244.opus,А
32245.opus,А
32246.opus,А
32247.opus,А
32248.opus,А
32249.opus,А
32250.opus,А
32251.opus,А
32252.opus,А
32253.opus,А
32254.opus,А
32255.opus,А
32256.opus,А
32257.opus,А
32258.opus,А
32259.opus,А
32260.opus,А
32261.opus,А
32262.opus,А
32263.opus,А
32264.opus,А
32265.opus,А
32266.opus,А
32267.opus,А
32268.opus,А
32269.opus,А
32270.opus,А
32271.opus,А
32272.opus,А
32273.opus,А
32274.opus,А
32275.opus,А
32276.opus,А
32277.opus,А
32278.opus,А
32279.opus,А
32280.opus,А
32281.opus,А
32282.opus,А
32283.opus,А
32284.opus,А
32285.opus,А
32286.opus,А
32287.opus,А
32288.opus,А
32289.opus,А
32290.opus,А
32291.opus,А
32292.opus,А
32293.opus,А
32294.opus,А
32295.opus,А
32296.opus,А
32297.opus,А
32298.opus,А
32299.opus,А
32300.opus,А
32301.opus,А
32302.opus,А
32303.opus,А
32304.opus,А
32305.opus,А
32306.opus,А
32307.opus,А
32308.opus,А
32309.opus,А
32310.opus,А
32311.opus,А
32312.opus,А
32313.opus,А
32314.opus,А
32315.opus,А
32316.opus,А
32317.opus,А
32318.opus,А
32319.opus,А
32320.opus,А
32321.opus,А
32322.opus,А
32323.opus,А
32324.opus,А
32325.opus,А
32326.opus,А
32327.opus,А
32328.opus,А
32329.opus,А
32330.opus,А
32331.opus,А
32332.opus,А
32333.opus,А
32334.opus,А
32335.opus,А
32336.opus,А
32337.opus,А
32338.opus,А
32339.opus,А
32340.opus,А
32341.opus,А
32342.opus,А
32343.opus,А
32344.opus,А
32345.opus,А
32346.opus,А
32347.opus,А
32348.opus,А
32349.opus,А
32350.opus,А
32351.opus,А
32352.opus,А
32353.opus,А
32354.opus,А
32355.opus,А
32356.opus,А
32357.opus,А
32358.opus,А
32359.opus,А
32360.opus,А
32361.opus,А
32362.opus,А
32363.opus,А
32364.opus,А
32365.opus,А
32366.opus,А
32367.opus,А
32368.opus,А
32369.opus,А
32370.opus,А
32371.opus,А
32372.opus,А
32373.opus,А
32374.opus,А
32375.opus,А
32376.opus,А
32377.opus,А
32378.opus,А
32379.opus,А
32380.opus,А
32381.opus,А
32382.opus,А
32383.opus,А
32384.opus,А
32385.opus,А
32386.opus,А
32387.opus,А
32388.opus,А
32389.opus,А
32390.opus,А
32391.opus,А
32392.opus,А
32393.opus,А
32394.opus,А
32395.opus,А
32396.opus,А
32397.opus,А
32398.opus,А
32399.opus,А
32400.opus,А
32401.opus,А
32402.opus,А
32403.opus,А
32404.opus,А
32405.opus,А
32406.opus,А
32407.opus,А
32408.opus,А
32409.opus,А
32410.opus,А
32411.opus,А
32412.opus,А
32413.opus,А
32414.opus,А
32415.opus,А
32416.opus,А
32417.opus,А
32418.opus,А
32419.opus,А
32420.opus,А
32421.opus,А
32422.opus,А
32423.opus,А
32424.opus,А
32425.opus,А
32426.opus,А
32427.opus,А
32428.opus,А
32429.opus,А
32430.opus,А
32431.opus,А
32432.opus,А
32433.opus,А
32434.opus,А
32435.opus,А
32436.opus,А
32437.opus,А
32438.opus,А
32439.opus,А
32440.opus,А
32441.opus,А
32442.opus,А
32443.opus,А
32444.opus,А
32445.opus,А
32446.opus,А
32447.opus,А
32448.opus,А
32449.opus,А
32450.opus,А
32451.opus,А
32452.opus,А
32453.opus,А
32454.opus,А
32455.opus,А
32456.opus,А
32457.opus,А
32458.opus,А
32459.opus,А
32460.opus,А
32461.opus,А
32462.opus,А
32463.opus,А
32464.opus,А
32465.opus,А
32466.opus,А
32467.opus,А
32468.opus,А
32469.opus,А
32470.opus,А
32471.opus,А
32472.opus,А
32473.opus,А
32474.opus,А
32475.opus,А
32476.opus,А
32477.opus,А
32478.opus,А
32479.opus,А
32480.opus,А
32481.opus,А
32482.opus,А
32483.opus,А
32484.opus,А
32485.opus,А
32486.opus,А
32487.opus,А
32488.opus,А
32489.opus,А
32490.opus,А
32491.opus,А
32492.opus,А
32493.opus,А
32494.opus,А
32495.opus,А
32496.opus,А
32497.opus,А
32498.opus,А
32499.opus,А
32500.opus,А
32501.opus,А
32502.opus,А
32503.opus,А
32504.opus,А
32505.opus,А
32506.opus,А
32507.opus,А
32508.opus,А
32509.opus,А
32510.opus,А
32511.opus,А
32512.opus,А
32513.opus,А
32514.opus,А
32515.opus,А
32516.opus,А
32517.opus,А
32518.opus,А
32519.opus,А
32520.opus,А
32521.opus,А
32522.opus,А
32523.opus,А
32524.opus,А
32525.opus,А
32526.opus,А
32527.opus,А
32528.opus,А
32529.opus,А
32530.opus,А
32531.opus,А
32532.opus,А
32533.opus,А
32534.opus,А
32535.opus,А
32536.opus,А
32537.opus,А
32538.opus,А
32539.opus,А
32540.opus,А
32541.opus,А
32542.opus,А
32543.opus,А
32544.opus,А
32545.opus,А
32546.opus,А
32547.opus,А
32548.opus,А
32549.opus,А
32550.opus,А
32551.opus,А
32552.opus,А
32553.opus,А
32554.opus,А
32555.opus,А
32556.opus,А
32557.opus,А
32558.opus,А
32559.opus,А
32560.opus,А
32561.opus,А
32562.opus,А
32563.opus,А
32564.opus,А
32565.opus,А
32566.opus,А
32567.opus,А
32568.opus,А
32569.opus,А
32570.opus,А
32571.opus,А
32572.opus,А
32573.opus,А
32574.opus,А
32575.opus,А
32576.opus,А
32577.opus,А
32578.opus,А
32579.opus,А
32580.opus,А
32581.opus,А
32582.opus,А
32583.opus,А
32584.opus,А
32585.opus,А
32586.opus,А
32587.opus,А
32588.opus,А
32589.opus,А
32590.opus,А
32591.opus,А
32592.opus,А
32593.opus,А
32594.opus,А
32595.opus,А
32596.opus,А
32597.opus,А
32598.opus,А
32599.opus,А
32600.opus,А
32601.opus,А
32602.opus,А
32603.opus,А
32604.opus,А
32605.opus,А
32606.opus,А
32607.opus,А
32608.opus,А
32609.opus,А
32610.opus,А
32611.opus,А
32612.opus,А
32613.opus,А
32614.opus,А
32615.opus,А
32616.opus,А
32617.opus,А
32618.opus,А
32619.opus,А
32620.opus,А
32621.opus,А
32622.opus,А
32623.opus,А
32624.opus,А
32625.opus,А
32626.opus,А
32627.opus,А
32628.opus,А
32629.opus,А
32630.opus,А
32631.opus,А
32632.opus,А
32633.opus,А
32634.opus,А
32635.opus,А
32636.opus,А
32637.opus,А
32638.opus,А
32639.opus,А
32640.opus,А
32641.opus,А
32642.opus,А
32643.opus,А
32644.opus,А
32645.opus,А
32646.opus,А
32647.opus,А
32648.opus,А
32649.opus,А
32650.opus,А
32651.opus,А
32652.opus,А
32653.opus,А
32654.opus,А
32655.opus,А
32656.opus,А
32657.opus,А
32658.opus,А
32659.opus,А
32660.opus,А
32661.opus,А
32662.opus,А
32663.opus,А
32664.opus,А
32665.opus,А
32666.opus,А
32667.opus,А
32668.opus,А
32669.opus,А
32670.opus,А
32671.opus,А
32672.opus,А
32673.opus,А
32674.opus,А
32675.opus,А
32676.opus,А
32677.opus,А
32678.opus,А
32679.opus,А
32680.opus,А
32681.opus,А
32682.opus,А
32683.opus,А
32684.opus,А
32685.opus,А
32686.opus,А
32687.opus,А
32688.opus,А
32689.opus,А
32690.opus,А
32691.opus,А
32692.opus,А
32693.opus,А
32694.opus,А
32695.opus,А
32696.opus,А
32697.opus,А
32698.opus,А
32699.opus,А
32700.opus,А
32701.opus,А
32702.opus,А
32703.opus,А
32704.opus,А
32705.opus,А
32706.opus,А
32707.opus,А
32708.opus,А
32709.opus,А
32710.opus,А
32711.opus,А
32712.opus,А
32713.opus,А
32714.opus,А
32715.opus,А
32716.opus,А
32717.opus,А
32718.opus,А
32719.opus,А
32720.opus,А
32721.opus,А
32722.opus,А
32723.opus,А
32724.opus,А
32725.opus,А
32726.opus,А
32727.opus,А
32728.opus,А
32729.opus,А
32730.opus,А
32731.opus,А
32732.opus,А
32733.opus,А
32734.opus,А
32735.opus,А
32736.opus,А
32737.opus,А
32738.opus,А
32739.opus,А
32740.opus,А
32741.opus,А
32742.opus,А
32743.opus,А
32744.opus,А
32745.opus,А
32746.opus,А
32747.opus,А
32748.opus,А
32749.opus,А
32750.opus,А
32751.opus,А
32752.opus,А
32753.opus,А
32754.opus,А
32755.opus,А
32756.opus,А
32757.opus,А
32758.opus,А
32759.opus,А
32760.opus,А
32761.opus,А
32762.opus,А
32763.opus,А
32764.opus,А
32765.opus,А
32766.opus,А
32767.opus,А
32768.opus,А
32769.opus,А
32770.opus,А
32771.opus,А
32772.opus,А
32773.opus,А
32774.opus,А
32775.opus,А
32776.opus,А
32777.opus,А
32778.opus,А
32779.opus,А
32780.opus,А
32781.opus,А
32782.opus,А
32783.opus,А
32784.opus,А
32785.opus,А
32786.opus,А
32787.opus,А
32788.opus,А
32789.opus,А
32790.opus,А
32791.opus,А
32792.opus,А
32793.opus,А
32794.opus,А
32795.opus,А
32796.opus,А
32797.opus,А
32798.opus,А
32799.opus,А
32800.opus,А
32801.opus,А
32802.opus,А
32803.opus,А
32804.opus,А
32805.opus,А
32806.opus,А
32807.opus,А
32808.opus,А
32809.opus,А
32810.opus,А
32811.opus,А
32812.opus,А
32813.opus,А
32814.opus,А
32815.opus,А
32816.opus,А
32817.opus,А
32818.opus,А
32819.opus,А
32820.opus,А
32821.opus,А
32822.opus,А
32823.opus,А
32824.opus,А
32825.opus,А
32826.opus,А
32827.opus,А
32828.opus,А
32829.opus,А
32830.opus,А
32831.opus,А
32832.opus,А
32833.opus,А
32834.opus,А
32835.opus,А
32836.opus,А
32837.opus,А
32838.opus,А
32839.opus,А
32840.opus,А
32841.opus,А
32842.opus,А
32843.opus,А
32844.opus,А
32845.opus,А
32846.opus,А
32847.opus,А
32848.opus,А
32849.opus,А
32850.opus,А
32851.opus,А
32852.opus,А
32853.opus,А
32854.opus,А
32855.opus,А
32856.opus,А
32857.opus,А
32858.opus,А
32859.opus,А
32860.opus,А
32861.opus,А
32862.opus,А
32863.opus,А
32864.opus,А
32865.opus,А
32866.opus,А
32867.opus,А
32868.opus,А
32869.opus,А
32870.opus,А
32871.opus,А
32872.opus,А
32873.opus,А
32874.opus,А
32875.opus,А
32876.opus,А
32877.opus,А
32878.opus,А
32879.opus,А
32880.opus,А
32881.opus,А
32882.opus,А
32883.opus,А
32884.opus,А
32885.opus,А
32886.opus,А
32887.opus,А
32888.opus,А
32889.opus,А
32890.opus,А
32891.opus,А
32892.opus,А
32893.opus,А
32894.opus,А
32895.opus,А
32896.opus,А
32897.opus,А
32898.opus,А
32899.opus,А
32900.opus,А
32901.opus,А
32902.opus,А
32903.opus,А
32904.opus,А
32905.opus,А
32906.opus,А
32907.opus,А
32908.opus,А
32909.opus,А
32910.opus,А
32911.opus,А
32912.opus,А
32913.opus,А
32914.opus,А
32915.opus,А
32916.opus,А
32917.opus,А
32918.opus,А
32919.opus,А
32920.opus,А
32921.opus,А
32922.opus,А
32923.opus,А
32924.opus,А
32925.opus,А
32926.opus,А
32927.opus,А
32928.opus,А
32929.opus,А
32930.opus,А
32931.opus,А
32932.opus,А
32933.opus,А
32934.opus,А
32935.opus,А
32936.opus,А
32937.opus,А
32938.opus,А
32939.opus,А
32940.opus,А
32941.opus,А
32942.opus,А
32943.opus,А
32944.opus,А
32945.opus,А
32946.opus,А
32947.opus,А
32948.opus,А
32949.opus,А
32950.opus,А
32951.opus,А
32952.opus,А
32953.opus,А
32954.opus,А
32955.opus,А
32956.opus,А
32957.opus,А
32958.opus,А
32959.opus,А
32960.opus,А
32961.opus,А
32962.opus,А
32963.opus,А
32964.opus,А
32965.opus,А
32966.opus,А
32967.opus,А
32968.opus,А
32969.opus,А
32970.opus,А
32971.opus,А
32972.opus,А
32973.opus,А
32974.opus,А
32975.opus,А
32976.opus,А
32977.opus,А
32978.opus,А
32979.opus,А
32980.opus,А
32981.opus,А
32982.opus,А
32983.opus,А
32984.opus,А
32985.opus,А
32986.opus,А
32987.opus,А
32988.opus,А
32989.opus,А
32990.opus,А
32991.opus,А
32992.opus,А
32993.opus,А
32994.opus,А
32995.opus,А
32996.opus,А
32997.opus,А
32998.opus,А
32999.opus,А
33000.opus,А
33001.opus,А
33002.opus,А
33003.opus,А
33004.opus,А
33005.opus,А
33006.opus,А
33007.opus,А
33008.opus,А
33009.opus,А
33010.opus,А
33011.opus,А
33012.opus,А
33013.opus,А
33014.opus,А
33015.opus,А
33016.opus,А
33017.opus,А
33018.opus,А
33019.opus,А
33020.opus,А
33021.opus,А
33022.opus,А
33023.opus,А
33024.opus,А
33025.opus,А
33026.opus,А
33027.opus,А
33028.opus,А
33029.opus,А
33030.opus,А
33031.opus,А
33032.opus,А
33033.opus,А
33034.opus,А
33035.opus,А
33036.opus,А
33037.opus,А
33038.opus,А
33039.opus,А
33040.opus,А
33041.opus,А
33042.opus,А
33043.opus,А
33044.opus,А
33045.opus,А
33046.opus,А
33047.opus,А
33048.opus,А
33049.opus,А
33050.opus,А
33051.opus,А
33052.opus,А
33053.opus,А
33054.opus,А
33055.opus,А
33056.opus,А
33057.opus,А
33058.opus,А
33059.opus,А
33060.opus,А
33061.opus,А
33062.opus,А
33063.opus,А
33064.opus,А
33065.opus,А
33066.opus,А
33067.opus,А
33068.opus,А
33069.opus,А
33070.opus,А
33071.opus,А
33072.opus,А
33073.opus,А
33074.opus,А
33075.opus,А
33076.opus,А
33077.opus,А
33078.opus,А
33079.opus,А
33080.opus,А
33081.opus,А
33082.opus,А
33083.opus,А
33084.opus,А
33085.opus,А
33086.opus,А
33087.opus,А
33088.opus,А
33089.opus,А
33090.opus,А
33091.opus,А
33092.opus,А
33093.opus,А
33094.opus,А
33095.opus,А
33096.opus,А
33097.opus,А
33098.opus,А
33099.opus,А
33100.opus,А
33101.opus,А
33102.opus,А
33103.opus,А
33104.opus,А
33105.opus,А
33106.opus,А
33107.opus,А
33108.opus,А
33109.opus,А
33110.opus,А
33111.opus,А
33112.opus,А
33113.opus,А
33114.opus,А
33115.opus,А
33116.opus,А
33117.opus,А
33118.opus,А
33119.opus,А
33120.opus,А
33121.opus,А
33122.opus,А
33123.opus,А
33124.opus,А
33125.opus,А
33126.opus,А
33127.opus,А
33128.opus,А
33129.opus,А
33130.opus,А
33131.opus,А
33132.opus,А
33133.opus,А
33134.opus,А
33135.opus,А
33136.opus,А
33137.opus,А
33138.opus,А
33139.opus,А
33140.opus,А
33141.opus,А
33142.opus,А
33143.opus,А
33144.opus,А
33145.opus,А
33146.opus,А
33147.opus,А
33148.opus,А
33149.opus,А
33150.opus,А
33151.opus,А
33152.opus,А
33153.opus,А
33154.opus,А
33155.opus,А
33156.opus,А
33157.opus,А
33158.opus,А
33159.opus,А
33160.opus,А
33161.opus,А
33162.opus,А
33163.opus,А
33164.opus,А
33165.opus,А
33166.opus,А
33167.opus,А
33168.opus,А
33169.opus,А
33170.opus,А
33171.opus,А
33172.opus,А
33173.opus,А
33174.opus,А
33175.opus,А
33176.opus,А
33177.opus,А
33178.opus,А
33179.opus,А
33180.opus,А
33181.opus,А
33182.opus,А
33183.opus,А
33184.opus,А
33185.opus,А
33186.opus,А
33187.opus,А
33188.opus,А
33189.opus,А
33190.opus,А
33191.opus,А
33192.opus,А
33193.opus,А
33194.opus,А
33195.opus,А
33196.opus,А
33197.opus,А
33198.opus,А
33199.opus,А
33200.opus,А
33201.opus,А
33202.opus,А
33203.opus,А
33204.opus,А
33205.opus,А
33206.opus,А
33207.opus,А
33208.opus,А
33209.opus,А
33210.opus,А
33211.opus,А
33212.opus,А
33213.opus,А
33214.opus,А
33215.opus,А
33216.opus,А
33217.opus,А
33218.opus,А
33219.opus,А
33220.opus,А
33221.opus,А
33222.opus,А
33223.opus,А
33224.opus,А
33225.opus,А
33226.opus,А
33227.opus,А
33228.opus,А
33229.opus,А
33230.opus,А
33231.opus,А
33232.opus,А
33233.opus,А
33234.opus,А
33235.opus,А
33236.opus,А
33237.opus,А
33238.opus,А
33239.opus,А
33240.opus,А
33241.opus,А
33242.opus,А
33243.opus,А
33244.opus,А
33245.opus,А
33246.opus,А
33247.opus,А
33248.opus,А
33249.opus,А
33250.opus,А
33251.opus,А
33252.opus,А
33253.opus,А
33254.opus,А
33255.opus,А
33256.opus,А
33257.opus,А
33258.opus,А
33259.opus,А
33260.opus,А
33261.opus,А
33262.opus,А
33263.opus,А
33264.opus,А
33265.opus,А
33266.opus,А
33267.opus,А
33268.opus,А
33269.opus,А
33270.opus,А
33271.opus,А
33272.opus,А
33273.opus,А
33274.opus,А
33275.opus,А
33276.opus,А
33277.opus,А
33278.opus,А
33279.opus,А
33280.opus,А
33281.opus,А
33282.opus,А
33283.opus,А
33284.opus,А
33285.opus,А
33286.opus,А
33287.opus,А
33288.opus,А
33289.opus,А
33290.opus,А
33291.opus,А
33292.opus,А
33293.opus,А
33294.opus,А
33295.opus,А
33296.opus,А
33297.opus,А
33298.opus,А
33299.opus,А
33300.opus,А
33301.opus,А
33302.opus,А
33303.opus,А
33304.opus,А
33305.opus,А
33306.opus,А
33307.opus,А
33308.opus,А
33309.opus,А
33310.opus,А
33311.opus,А
33312.opus,А
33313.opus,А
33314.opus,А
33315.opus,А
33316.opus,А
33317.opus,А
33318.opus,А
33319.opus,А
33320.opus,А
33321.opus,А
33322.opus,А
33323.opus,А
33324.opus,А
33325.opus,А
33326.opus,А
33327.opus,А
33328.opus,А
33329.opus,А
33330.opus,А
33331.opus,А
33332.opus,А
33333.opus,А
33334.opus,А
33335.opus,А
33336.opus,А
33337.opus,А
33338.opus,А
33339.opus,А
33340.opus,А
33341.opus,А
33342.opus,А
33343.opus,А
33344.opus,А
33345.opus,А
33346.opus,А
33347.opus,А
33348.opus,А
33349.opus,А
33350.opus,А
33351.opus,А
33352.opus,А
33353.opus,А
33354.opus,А
33355.opus,А
33356.opus,А
33357.opus,А
33358.opus,А
33359.opus,А
33360.opus,А
33361.opus,А
33362.opus,А
33363.opus,А
33364.opus,А
33365.opus,А
33366.opus,А
33367.opus,А
33368.opus,А
33369.opus,А
33370.opus,А
33371.opus,А
33372.opus,А
33373.opus,А
33374.opus,А
33375.opus,А
33376.opus,А
33377.opus,А
33378.opus,А
33379.opus,А
33380.opus,А
33381.opus,А
33382.opus,А
33383.opus,А
33384.opus,А
33385.opus,А
33386.opus,А
33387.opus,А
33388.opus,А
33389.opus,А
33390.opus,А
33391.opus,А
33392.opus,А
33393.opus,А
33394.opus,А
33395.opus,А
33396.opus,А
33397.opus,А
33398.opus,А
33399.opus,А
33400.opus,А
33401.opus,А
33402.opus,А
33403.opus,А
33404.opus,А
33405.opus,А
33406.opus,А
33407.opus,А
33408.opus,А
33409.opus,А
33410.opus,А
33411.opus,А
33412.opus,А
33413.opus,А
33414.opus,А
33415.opus,А
33416.opus,А
33417.opus,А
33418.opus,А
33419.opus,А
33420.opus,А
33421.opus,А
33422.opus,А
33423.opus,А
33424.opus,А
33425.opus,А
33426.opus,А
33427.opus,А
33428.opus,А
33429.opus,А
33430.opus,А
33431.opus,А
33432.opus,А
33433.opus,А
33434.opus,А
33435.opus,А
33436.opus,А
33437.opus,А
33438.opus,А
33439.opus,А
33440.opus,А
33441.opus,А
33442.opus,А
33443.opus,А
33444.opus,А
33445.opus,А
33446.opus,А
33447.opus,А
33448.opus,А
33449.opus,А
33450.opus,А
33451.opus,А
33452.opus,А
33453.opus,А
33454.opus,А
33455.opus,А
33456.opus,А
33457.opus,А
33458.opus,А
33459.opus,А
33460.opus,А
33461.opus,А
33462.opus,А
33463.opus,А
33464.opus,А
33465.opus,А
33466.opus,А
33467.opus,А
33468.opus,А
33469.opus,А
33470.opus,А
33471.opus,А
33472.opus,А
33473.opus,А
33474.opus,А
33475.opus,А
33476.opus,А
33477.opus,А
33478.opus,А
33479.opus,А
33480.opus,А
33481.opus,А
33482.opus,А
33483.opus,А
33484.opus,А
33485.opus,А
33486.opus,А
33487.opus,А
33488.opus,А
33489.opus,А
33490.opus,А
33491.opus,А
33492.opus,А
33493.opus,А
33494.opus,А
33495.opus,А
33496.opus,А
33497.opus,А
33498.opus,А
33499.opus,А
33500.opus,А
33501.opus,А
33502.opus,А
33503.opus,А
33504.opus,А
33505.opus,А
33506.opus,А
33507.opus,А
33508.opus,А
33509.opus,А
33510.opus,А
33511.opus,А
33512.opus,А
33513.opus,А
33514.opus,А
33515.opus,А
33516.opus,А
33517.opus,А
33518.opus,А
33519.opus,А
33520.opus,А
33521.opus,А
33522.opus,А
33523.opus,А
33524.opus,А
33525.opus,А
33526.opus,А
33527.opus,А
33528.opus,А
33529.opus,А
33530.opus,А
33531.opus,А
33532.opus,А
33533.opus,А
33534.opus,А
33535.opus,А
33536.opus,А
33537.opus,А
33538.opus,А
33539.opus,А
33540.opus,А
33541.opus,А
33542.opus,А
33543.opus,А
33544.opus,А
33545.opus,А
33546.opus,А
33547.opus,А
33548.opus,А
33549.opus,А
33550.opus,А
33551.opus,А
33552.opus,А
33553.opus,А
33554.opus,А
33555.opus,А
33556.opus,А
33557.opus,А
33558.opus,А
33559.opus,А
33560.opus,А
33561.opus,А
33562.opus,А
33563.opus,А
33564.opus,А
33565.opus,А
33566.opus,А
33567.opus,А
33568.opus,А
33569.opus,А
33570.opus,А
33571.opus,А
33572.opus,А
33573.opus,А
33574.opus,А
33575.opus,А
33576.opus,А
33577.opus,А
33578.opus,А
33579.opus,А
33580.opus,А
33581.opus,А
33582.opus,А
33583.opus,А
33584.opus,А
33585.opus,А
33586.opus,А
33587.opus,А
33588.opus,А
33589.opus,А
33590.opus,А
33591.opus,А
33592.opus,А
33593.opus,А
33594.opus,А
33595.opus,А
33596.opus,А
33597.opus,А
33598.opus,А
33599.opus,А
33600.opus,А
33601.opus,А
33602.opus,А
33603.opus,А
33604.opus,А
33605.opus,А
33606.opus,А
33607.opus,А
33608.opus,А
33609.opus,А
33610.opus,А
33611.opus,А
33612.opus,А
33613.opus,А
33614.opus,А
33615.opus,А
33616.opus,А
33617.opus,А
33618.opus,А
33619.opus,А
33620.opus,А
33621.opus,А
33622.opus,А
33623.opus,А
33624.opus,А
33625.opus,А
33626.opus,А
33627.opus,А
33628.opus,А
33629.opus,А
33630.opus,А
33631.opus,А
33632.opus,А
33633.opus,А
33634.opus,А
33635.opus,А
33636.opus,А
33637.opus,А
33638.opus,А
33639.opus,А
33640.opus,А
33641.opus,А
33642.opus,А
33643.opus,А
33644.opus,А
33645.opus,А
33646.opus,А
33647.opus,А
33648.opus,А
33649.opus,А
33650.opus,А
33651.opus,А
33652.opus,А
33653.opus,А
33654.opus,А
33655.opus,А
33656.opus,А
33657.opus,А
33658.opus,А
33659.opus,А
33660.opus,А
33661.opus,А
33662.opus,А
33663.opus,А
33664.opus,А
33665.opus,А
33666.opus,А
33667.opus,А
33668.opus,А
33669.opus,А
33670.opus,А
33671.opus,А
33672.opus,А
33673.opus,А
33674.opus,А
33675.opus,А
33676.opus,А
33677.opus,А
33678.opus,А
33679.opus,А
33680.opus,А
33681.opus,А
33682.opus,А
33683.opus,А
33684.opus,А
33685.opus,А
33686.opus,А
33687.opus,А
33688.opus,А
33689.opus,А
33690.opus,А
33691.opus,А
33692.opus,А
33693.opus,А
33694.opus,А
33695.opus,А
33696.opus,А
33697.opus,А
33698.opus,А
33699.opus,А
33700.opus,А
33701.opus,А
33702.opus,А
33703.opus,А
33704.opus,А
33705.opus,А
33706.opus,А
33707.opus,А
33708.opus,А
33709.opus,А
33710.opus,А
33711.opus,А
33712.opus,А
33713.opus,А
33714.opus,А
33715.opus,А
33716.opus,А
33717.opus,А
33718.opus,А
33719.opus,А
33720.opus,А
33721.opus,А
33722.opus,А
33723.opus,А
33724.opus,А
33725.opus,А
33726.opus,А
33727.opus,А
33728.opus,А
33729.opus,А
33730.opus,А
33731.opus,А
33732.opus,А
33733.opus,А
33734.opus,А
33735.opus,А
33736.opus,А
33737.opus,А
33738.opus,А
33739.opus,А
33740.opus,А
33741.opus,А
33742.opus,А
33743.opus,А
33744.opus,А
33745.opus,А
33746.opus,А
33747.opus,А
33748.opus,А
33749.opus,А
33750.opus,А
33751.opus,А
33752.opus,А
33753.opus,А
33754.opus,А
33755.opus,А
33756.opus,А
33757.opus,А
33758.opus,А
33759.opus,А
33760.opus,А
33761.opus,А
33762.opus,А
33763.opus,А
33764.opus,А
33765.opus,А
33766.opus,А
33767.opus,А
33768.opus,А
33769.opus,А
33770.opus,А
33771.opus,А
33772.opus,А
33773.opus,А
33774.opus,А
33775.opus,А
33776.opus,А
33777.opus,А
33778.opus,А
33779.opus,А
33780.opus,А
33781.opus,А
33782.opus,А
33783.opus,А
33784.opus,А
33785.opus,А
33786.opus,А
33787.opus,А
33788.opus,А
33789.opus,А
33790.opus,А
33791.opus,А
33792.opus,А
33793.opus,А
33794.opus,А
33795.opus,А
33796.opus,А
33797.opus,А
33798.opus,А
33799.opus,А
33800.opus,А
33801.opus,А
33802.opus,А
33803.opus,А
33804.opus,А
33805.opus,А
33806.opus,А
33807.opus,А
33808.opus,А
33809.opus,А
33810.opus,А
33811.opus,А
33812.opus,А
33813.opus,А
33814.opus,А
33815.opus,А
33816.opus,А
33817.opus,А
33818.opus,А
33819.opus,А
33820.opus,А
33821.opus,А
33822.opus,А
33823.opus,А
33824.opus,А
33825.opus,А
33826.opus,А
33827.opus,А
33828.opus,А
33829.opus,А
33830.opus,А
33831.opus,А
33832.opus,А
33833.opus,А
33834.opus,А
33835.opus,А
33836.opus,А
33837.opus,А
33838.opus,А
33839.opus,А
33840.opus,А
33841.opus,А
33842.opus,А
33843.opus,А
33844.opus,А
33845.opus,А
33846.opus,А
33847.opus,А
33848.opus,А
33849.opus,А
33850.opus,А
33851.opus,А
33852.opus,А
33853.opus,А
33854.opus,А
33855.opus,А
33856.opus,А
33857.opus,А
33858.opus,А
33859.opus,А
33860.opus,А
33861.opus,А
33862.opus,А
33863.opus,А
33864.opus,А
33865.opus,А
33866.opus,А
33867.opus,А
33868.opus,А
33869.opus,А
33870.opus,А
33871.opus,А
33872.opus,А
33873.opus,А
33874.opus,А
33875.opus,А
33876.opus,А
33877.opus,А
33878.opus,А
33879.opus,А
33880.opus,А
33881.opus,А
33882.opus,А
33883.opus,А
33884.opus,А
33885.opus,А
33886.opus,А
33887.opus,А
33888.opus,А
33889.opus,А
33890.opus,А
33891.opus,А
33892.opus,А
33893.opus,А
33894.opus,А
33895.opus,А
33896.opus,А
33897.opus,А
33898.opus,А
33899.opus,А
33900.opus,А
33901.opus,А
33902.opus,А
33903.opus,А
33904.opus,А
33905.opus,А
33906.opus,А
33907.opus,А
33908.opus,А
33909.opus,А
33910.opus,А
33911.opus,А
33912.opus,А
33913.opus,А
33914.opus,А
33915.opus,А
33916.opus,А
33917.opus,А
33918.opus,А
33919.opus,А
33920.opus,А
33921.opus,А
33922.opus,А
33923.opus,А
33924.opus,А
33925.opus,А
33926.opus,А
33927.opus,А
33928.opus,А
33929.opus,А
33930.opus,А
33931.opus,А
33932.opus,А
33933.opus,А
33934.opus,А
33935.opus,А
33936.opus,А
33937.opus,А
33938.opus,А
33939.opus,А
33940.opus,А
33941.opus,А
33942.opus,А
33943.opus,А
33944.opus,А
33945.opus,А
33946.opus,А
33947.opus,А
33948.opus,А
33949.opus,А
33950.opus,А
33951.opus,А
33952.opus,А
33953.opus,А
33954.opus,А
33955.opus,А
33956.opus,А
33957.opus,А
33958.opus,А
33959.opus,А
33960.opus,А
33961.opus,А
33962.opus,А
33963.opus,А
33964.opus,А
33965.opus,А
33966.opus,А
33967.opus,А
33968.opus,А
33969.opus,А
33970.opus,А
33971.opus,А
33972.opus,А
33973.opus,А
33974.opus,А
33975.opus,А
33976.opus,А
33977.opus,А
33978.opus,А
33979.opus,А
33980.opus,А
33981.opus,А
33982.opus,А
33983.opus,А
33984.opus,А
33985.opus,А
33986.opus,А
33987.opus,А
33988.opus,А
33989.opus,А
33990.opus,А
33991.opus,А
33992.opus,А
33993.opus,А
33994.opus,А
33995.opus,А
33996.opus,А
33997.opus,А
33998.opus,А
33999.opus,А
34000.opus,А
34001.opus,А
34002.opus,А
34003.opus,А
34004.opus,А
34005.opus,А
34006.opus,А
34007.opus,А
34008.opus,А
34009.opus,А
34010.opus,А
34011.opus,А
34012.opus,А
34013.opus,А
34014.opus,А
34015.opus,А
34016.opus,А
34017.opus,А
34018.opus,А
34019.opus,А
34020.opus,А
34021.opus,А
34022.opus,А
34023.opus,А
34024.opus,А
34025.opus,А
34026.opus,А
34027.opus,А
34028.opus,А
34029.opus,А
34030.opus,А
34031.opus,А
34032.opus,А
34033.opus,А
34034.opus,А
34035.opus,А
34036.opus,А
34037.opus,А
34038.opus,А
34039.opus,А
34040.opus,А
34041.opus,А
34042.opus,А
34043.opus,А
34044.opus,А
34045.opus,А
34046.opus,А
34047.opus,А
34048.opus,А
34049.opus,А
34050.opus,А
34051.opus,А
34052.opus,А
34053.opus,А
34054.opus,А
34055.opus,А
34056.opus,А
34057.opus,А
34058.opus,А
34059.opus,А
34060.opus,А
34061.opus,А
34062.opus,А
34063.opus,А
34064.opus,А
34065.opus,А
34066.opus,А
34067.opus,А
34068.opus,А
34069.opus,А
34070.opus,А
34071.opus,А
34072.opus,А
34073.opus,А
34074.opus,А
34075.opus,А
34076.opus,А
34077.opus,А
34078.opus,А
34079.opus,А
34080.opus,А
34081.opus,А
34082.opus,А
34083.opus,А
34084.opus,А
34085.opus,А
34086.opus,А
34087.opus,А
34088.opus,А
34089.opus,А
34090.opus,А
34091.opus,А
34092.opus,А
34093.opus,А
34094.opus,А
34095.opus,А
34096.opus,А
34097.opus,А
34098.opus,А
34099.opus,А
34100.opus,А
34101.opus,А
34102.opus,А
34103.opus,А
34104.opus,А
34105.opus,А
34106.opus,А
34107.opus,А
34108.opus,А
34109.opus,А
34110.opus,А
34111.opus,А
34112.opus,А
34113.opus,А
34114.opus,А
34115.opus,А
34116.opus,А
34117.opus,А
34118.opus,А
34119.opus,А
34120.opus,А
34121.opus,А
34122.opus,А
34123.opus,А
34124.opus,А
34125.opus,А
34126.opus,А
34127.opus,А
34128.opus,А
34129.opus,А
34130.opus,А
34131.opus,А
34132.opus,А
34133.opus,А
34134.opus,А
34135.opus,А
34136.opus,А
34137.opus,А
34138.opus,А
34139.opus,А
34140.opus,А
34141.opus,А
34142.opus,А
34143.opus,А
34144.opus,А
34145.opus,А
34146.opus,А
34147.opus,А
34148.opus,А
34149.opus,А
34150.opus,А
34151.opus,А
34152.opus,А
34153.opus,А
34154.opus,А
34155.opus,А
34156.opus,А
34157.opus,А
34158.opus,А
34159.opus,А
34160.opus,А
34161.opus,А
34162.opus,А
34163.opus,А
34164.opus,А
34165.opus,А
34166.opus,А
34167.opus,А
34168.opus,А
34169.opus,А
34170.opus,А
34171.opus,А
34172.opus,А
34173.opus,А
34174.opus,А
34175.opus,А
34176.opus,А
34177.opus,А
34178.opus,А
34179.opus,А
34180.opus,А
34181.opus,А
34182.opus,А
34183.opus,А
34184.opus,А
34185.opus,А
34186.opus,А
34187.opus,А
34188.opus,А
34189.opus,А
34190.opus,А
34191.opus,А
34192.opus,А
34193.opus,А
34194.opus,А
34195.opus,А
34196.opus,А
34197.opus,А
34198.opus,А
34199.opus,А
34200.opus,А
34201.opus,А
34202.opus,А
34203.opus,А
34204.opus,А
34205.opus,А
34206.opus,А
34207.opus,А
34208.opus,А
34209.opus,А
34210.opus,А
34211.opus,А
34212.opus,А
34213.opus,А
34214.opus,А
34215.opus,А
34216.opus,А
34217.opus,А
34218.opus,А
34219.opus,А
34220.opus,А
34221.opus,А
34222.opus,А
34223.opus,А
34224.opus,А
34225.opus,А
34226.opus,А
34227.opus,А
34228.opus,А
34229.opus,А
34230.opus,А
34231.opus,А
34232.opus,А
34233.opus,А
34234.opus,А
34235.opus,А
34236.opus,А
34237.opus,А
34238.opus,А
34239.opus,А
34240.opus,А
34241.opus,А
34242.opus,А
34243.opus,А
34244.opus,А
34245.opus,А
34246.opus,А
34247.opus,А
34248.opus,А
34249.opus,А
34250.opus,А
34251.opus,А
34252.opus,А
34253.opus,А
34254.opus,А
34255.opus,А
34256.opus,А
34257.opus,А
34258.opus,А
34259.opus,А
34260.opus,А
34261.opus,А
34262.opus,А
34263.opus,А
34264.opus,А
34265.opus,А
34266.opus,А
34267.opus,А
34268.opus,А
34269.opus,А
34270.opus,А
34271.opus,А
34272.opus,А
34273.opus,А
34274.opus,А
34275.opus,А
34276.opus,А
34277.opus,А
34278.opus,А
34279.opus,А
34280.opus,А
34281.opus,А
34282.opus,А
34283.opus,А
34284.opus,А
34285.opus,А
34286.opus,А
34287.opus,А
34288.opus,А
34289.opus,А
34290.opus,А
34291.opus,А
34292.opus,А
34293.opus,А
34294.opus,А
34295.opus,А
34296.opus,А
34297.opus,А
34298.opus,А
34299.opus,А
34300.opus,А
34301.opus,А
34302.opus,А
34303.opus,А
34304.opus,А
34305.opus,А
34306.opus,А
34307.opus,А
34308.opus,А
34309.opus,А
34310.opus,А
34311.opus,А
34312.opus,А
34313.opus,А
34314.opus,А
34315.opus,А
34316.opus,А
34317.opus,А
34318.opus,А
34319.opus,А
34320.opus,А
34321.opus,А
34322.opus,А
34323.opus,А
34324.opus,А
34325.opus,А
34326.opus,А
34327.opus,А
34328.opus,А
34329.opus,А
34330.opus,А
34331.opus,А
34332.opus,А
34333.opus,А
34334.opus,А
34335.opus,А
34336.opus,А
34337.opus,А
34338.opus,А
34339.opus,А
34340.opus,А
34341.opus,А
34342.opus,А
34343.opus,А
34344.opus,А
34345.opus,А
34346.opus,А
34347.opus,А
34348.opus,А
34349.opus,А
34350.opus,А
34351.opus,А
34352.opus,А
34353.opus,А
34354.opus,А
34355.opus,А
34356.opus,А
34357.opus,А
34358.opus,А
34359.opus,А
34360.opus,А
34361.opus,А
34362.opus,А
34363.opus,А
34364.opus,А
34365.opus,А
34366.opus,А
34367.opus,А
34368.opus,А
34369.opus,А
34370.opus,А
34371.opus,А
34372.opus,А
34373.opus,А
34374.opus,А
34375.opus,А
34376.opus,А
34377.opus,А
34378.opus,А
34379.opus,А
34380.opus,А
34381.opus,А
34382.opus,А
34383.opus,А
34384.opus,А
34385.opus,А
34386.opus,А
34387.opus,А
34388.opus,А
34389.opus,А
34390.opus,А
34391.opus,А
34392.opus,А
34393.opus,А
34394.opus,А
34395.opus,А
34396.opus,А
34397.opus,А
34398.opus,А
34399.opus,А
34400.opus,А
34401.opus,А
34402.opus,А
34403.opus,А
34404.opus,А
34405.opus,А
34406.opus,А
34407.opus,А
34408.opus,А
34409.opus,А
34410.opus,А
34411.opus,А
34412.opus,А
34413.opus,А
34414.opus,А
34415.opus,А
34416.opus,А
34417.opus,А
34418.opus,А
34419.opus,А
34420.opus,А
34421.opus,А
34422.opus,А
34423.opus,А
34424.opus,А
34425.opus,А
34426.opus,А
34427.opus,А
34428.opus,А
34429.opus,А
34430.opus,А
34431.opus,А
34432.opus,А
34433.opus,А
34434.opus,А
34435.opus,А
34436.opus,А
34437.opus,А
34438.opus,А
34439.opus,А
34440.opus,А
34441.opus,А
34442.opus,А
34443.opus,А
34444.opus,А
34445.opus,А
34446.opus,А
34447.opus,А
34448.opus,А
34449.opus,А
34450.opus,А
34451.opus,А
34452.opus,А
34453.opus,А
34454.opus,А
34455.opus,А
34456.opus,А
34457.opus,А
34458.opus,А
34459.opus,А
34460.opus,А
34461.opus,А
34462.opus,А
34463.opus,А
34464.opus,А
34465.opus,А
34466.opus,А
34467.opus,А
34468.opus,А
34469.opus,А
34470.opus,А
34471.opus,А
34472.opus,А
34473.opus,А
34474.opus,А
34475.opus,А
34476.opus,А
34477.opus,А
34478.opus,А
34479.opus,А
34480.opus,А
34481.opus,А
34482.opus,А
34483.opus,А
34484.opus,А
34485.opus,А
34486.opus,А
34487.opus,А
34488.opus,А
34489.opus,А
34490.opus,А
34491.opus,А
34492.opus,А
34493.opus,А
34494.opus,А
34495.opus,А
34496.opus,А
34497.opus,А
34498.opus,А
34499.opus,А
34500.opus,А
34501.opus,А
34502.opus,А
34503.opus,А
34504.opus,А
34505.opus,А
34506.opus,А
34507.opus,А
34508.opus,А
34509.opus,А
34510.opus,А
34511.opus,А
34512.opus,А
34513.opus,А
34514.opus,А
34515.opus,А
34516.opus,А
34517.opus,А
34518.opus,А
34519.opus,А
34520.opus,А
34521.opus,А
34522.opus,А
34523.opus,А
34524.opus,А
34525.opus,А
34526.opus,А
34527.opus,А
34528.opus,А
34529.opus,А
34530.opus,А
34531.opus,А
34532.opus,А
34533.opus,А
34534.opus,А
34535.opus,А
34536.opus,А
34537.opus,А
34538.opus,А
34539.opus,А
34540.opus,А
34541.opus,А
34542.opus,А
34543.opus,А
34544.opus,А
34545.opus,А
34546.opus,А
34547.opus,А
34548.opus,А
34549.opus,А
34550.opus,А
34551.opus,А
34552.opus,А
34553.opus,А
34554.opus,А
34555.opus,А
34556.opus,А
34557.opus,А
34558.opus,А
34559.opus,А
34560.opus,А
34561.opus,А
34562.opus,А
34563.opus,А
34564.opus,А
34565.opus,А
34566.opus,А
34567.opus,А
34568.opus,А
34569.opus,А
34570.opus,А
34571.opus,А
34572.opus,А
34573.opus,А
34574.opus,А
34575.opus,А
34576.opus,А
34577.opus,А
34578.opus,А
34579.opus,А
34580.opus,А
34581.opus,А
34582.opus,А
34583.opus,А
34584.opus,А
34585.opus,А
34586.opus,А
34587.opus,А
34588.opus,А
34589.opus,А
34590.opus,А
34591.opus,А
34592.opus,А
34593.opus,А
34594.opus,А
34595.opus,А
34596.opus,А
34597.opus,А
34598.opus,А
34599.opus,А
34600.opus,А
34601.opus,А
34602.opus,А
34603.opus,А
34604.opus,А
34605.opus,А
34606.opus,А
34607.opus,А
34608.opus,А
34609.opus,А
34610.opus,А
34611.opus,А
34612.opus,А
34613.opus,А
34614.opus,А
34615.opus,А
34616.opus,А
34617.opus,А
34618.opus,А
34619.opus,А
34620.opus,А
34621.opus,А
34622.opus,А
34623.opus,А
34624.opus,А
34625.opus,А
34626.opus,А
34627.opus,А
34628.opus,А
34629.opus,А
34630.opus,А
34631.opus,А
34632.opus,А
34633.opus,А
34634.opus,А
34635.opus,А
34636.opus,А
34637.opus,А
34638.opus,А
34639.opus,А
34640.opus,А
34641.opus,А
34642.opus,А
34643.opus,А
34644.opus,А
34645.opus,А
34646.opus,А
34647.opus,А
34648.opus,А
34649.opus,А
34650.opus,А
34651.opus,А
34652.opus,А
34653.opus,А
34654.opus,А
34655.opus,А
34656.opus,А
34657.opus,А
34658.opus,А
34659.opus,А
34660.opus,А
34661.opus,А
34662.opus,А
34663.opus,А
34664.opus,А
34665.opus,А
34666.opus,А
34667.opus,А
34668.opus,А
34669.opus,А
34670.opus,А
34671.opus,А
34672.opus,А
34673.opus,А
34674.opus,А
34675.opus,А
34676.opus,А
34677.opus,А
34678.opus,А
34679.opus,А
34680.opus,А
34681.opus,А
34682.opus,А
34683.opus,А
34684.opus,А
34685.opus,А
34686.opus,А
34687.opus,А
34688.opus,А
34689.opus,А
34690.opus,А
34691.opus,А
34692.opus,А
34693.opus,А
34694.opus,А
34695.opus,А
34696.opus,А
34697.opus,А
34698.opus,А
34699.opus,А
34700.opus,А
34701.opus,А
34702.opus,А
34703.opus,А
34704.opus,А
34705.opus,А
34706.opus,А
34707.opus,А
34708.opus,А
34709.opus,А
34710.opus,А
34711.opus,А
34712.opus,А
34713.opus,А
34714.opus,А
34715.opus,А
34716.opus,А
34717.opus,А
34718.opus,А
34719.opus,А
34720.opus,А
34721.opus,А
34722.opus,А
34723.opus,А
34724.opus,А
34725.opus,А
34726.opus,А
34727.opus,А
34728.opus,А
34729.opus,А
34730.opus,А
34731.opus,А
34732.opus,А
34733.opus,А
34734.opus,А
34735.opus,А
34736.opus,А
34737.opus,А
34738.opus,А
34739.opus,А
34740.opus,А
34741.opus,А
34742.opus,А
34743.opus,А
34744.opus,А
34745.opus,А
34746.opus,А
34747.opus,А
34748.opus,А
34749.opus,А
34750.opus,А
34751.opus,А
34752.opus,А
34753.opus,А
34754.opus,А
34755.opus,А
34756.opus,А
34757.opus,А
34758.opus,А
34759.opus,А
34760.opus,А
34761.opus,А
34762.opus,А
34763.opus,А
34764.opus,А
34765.opus,А
34766.opus,А
34767.opus,А
34768.opus,А
34769.opus,А
34770.opus,А
34771.opus,А
34772.opus,А
34773.opus,А
34774.opus,А
34775.opus,А
34776.opus,А
34777.opus,А
34778.opus,А
34779.opus,А
34780.opus,А
34781.opus,А
34782.opus,А
34783.opus,А
34784.opus,А
34785.opus,А
34786.opus,А
34787.opus,А
34788.opus,А
34789.opus,А
34790.opus,А
34791.opus,А
34792.opus,А
34793.opus,А
34794.opus,А
34795.opus,А
34796.opus,А
34797.opus,А
34798.opus,А
34799.opus,А
34800.opus,А
34801.opus,А
34802.opus,А
34803.opus,А
34804.opus,А
34805.opus,А
34806.opus,А
34807.opus,А
34808.opus,А
34809.opus,А
34810.opus,А
34811.opus,А
34812.opus,А
34813.opus,А
34814.opus,А
34815.opus,А
34816.opus,А
34817.opus,А
34818.opus,А
34819.opus,А
34820.opus,А
34821.opus,А
34822.opus,А
34823.opus,А
34824.opus,А
34825.opus,А
34826.opus,А
34827.opus,А
34828.opus,А
34829.opus,А
34830.opus,А
34831.opus,А
34832.opus,А
34833.opus,А
34834.opus,А
34835.opus,А
34836.opus,А
34837.opus,А
34838.opus,А
34839.opus,А
34840.opus,А
34841.opus,А
34842.opus,А
34843.opus,А
34844.opus,А
34845.opus,А
34846.opus,А
34847.opus,А
34848.opus,А
34849.opus,А
34850.opus,А
34851.opus,А
34852.opus,А
34853.opus,А
34854.opus,А
34855.opus,А
34856.opus,А
34857.opus,А
34858.opus,А
34859.opus,А
34860.opus,А
34861.opus,А
34862.opus,А
34863.opus,А
34864.opus,А
34865.opus,А
34866.opus,А
34867.opus,А
34868.opus,А
34869.opus,А
34870.opus,А
34871.opus,А
34872.opus,А
34873.opus,А
34874.opus,А
34875.opus,А
34876.opus,А
34877.opus,А
34878.opus,А
34879.opus,А
34880.opus,А
34881.opus,А
34882.opus,А
34883.opus,А
34884.opus,А
34885.opus,А
34886.opus,А
34887.opus,А
34888.opus,А
34889.opus,А
34890.opus,А
34891.opus,А
34892.opus,А
34893.opus,А
34894.opus,А
34895.opus,А
34896.opus,А
34897.opus,А
34898.opus,А
34899.opus,А
34900.opus,А
34901.opus,А
34902.opus,А
34903.opus,А
34904.opus,А
34905.opus,А
34906.opus,А
34907.opus,А
34908.opus,А
34909.opus,А
34910.opus,А
34911.opus,А
34912.opus,А
34913.opus,А
34914.opus,А
34915.opus,А
34916.opus,А
34917.opus,А
34918.opus,А
34919.opus,А
34920.opus,А
34921.opus,А
34922.opus,А
34923.opus,А
34924.opus,А
34925.opus,А
34926.opus,А
34927.opus,А
34928.opus,А
34929.opus,А
34930.opus,А
34931.opus,А
34932.opus,А
34933.opus,А
34934.opus,А
34935.opus,А
34936.opus,А
34937.opus,А
34938.opus,А
34939.opus,А
34940.opus,А
34941.opus,А
34942.opus,А
34943.opus,А
34944.opus,А
34945.opus,А
34946.opus,А
34947.opus,А
34948.opus,А
34949.opus,А
34950.opus,А
34951.opus,А
34952.opus,А
34953.opus,А
34954.opus,А
34955.opus,А
34956.opus,А
34957.opus,А
34958.opus,А
34959.opus,А
34960.opus,А
34961.opus,А
34962.opus,А
34963.opus,А
34964.opus,А
34965.opus,А
34966.opus,А
34967.opus,А
34968.opus,А
34969.opus,А
34970.opus,А
34971.opus,А
34972.opus,А
34973.opus,А
34974.opus,А
34975.opus,А
34976.opus,А
34977.opus,А
34978.opus,А
34979.opus,А
34980.opus,А
34981.opus,А
34982.opus,А
34983.opus,А
34984.opus,А
34985.opus,А
34986.opus,А
34987.opus,А
34988.opus,А
34989.opus,А
34990.opus,А
34991.opus,А
34992.opus,А
34993.opus,А
34994.opus,А
34995.opus,А
34996.opus,А
34997.opus,А
34998.opus,А
34999.opus,А
35000.opus,А
